--
-- PostgreSQL database dump
--

\restrict PcFly2agMXP3ejJQSeGcrXFq4fFEpun8hfZxQsEKKVaN1laW7y8RWhsOEjWyOvd

-- Dumped from database version 15.17 (Debian 15.17-1.pgdg13+1)
-- Dumped by pg_dump version 15.17 (Debian 15.17-1.pgdg13+1)

SET statement_timeout = 0;
SET lock_timeout = 0;
SET idle_in_transaction_session_timeout = 0;
SET client_encoding = 'UTF8';
SET standard_conforming_strings = on;
SELECT pg_catalog.set_config('search_path', '', false);
SET check_function_bodies = false;
SET xmloption = content;
SET client_min_messages = warning;
SET row_security = off;

SET default_tablespace = '';

SET default_table_access_method = heap;

--
-- Name: tb_category; Type: TABLE; Schema: public; Owner: werther
--

CREATE TABLE public.tb_category (
    id bigint NOT NULL,
    name character varying(255)
);


ALTER TABLE public.tb_category OWNER TO werther;

--
-- Name: tb_category_id_seq; Type: SEQUENCE; Schema: public; Owner: werther
--

ALTER TABLE public.tb_category ALTER COLUMN id ADD GENERATED BY DEFAULT AS IDENTITY (
    SEQUENCE NAME public.tb_category_id_seq
    START WITH 1
    INCREMENT BY 1
    NO MINVALUE
    NO MAXVALUE
    CACHE 1
);


--
-- Name: tb_order; Type: TABLE; Schema: public; Owner: werther
--

CREATE TABLE public.tb_order (
    order_status integer,
    client_id bigint,
    id bigint NOT NULL,
    moment timestamp(6) with time zone
);


ALTER TABLE public.tb_order OWNER TO werther;

--
-- Name: tb_order_id_seq; Type: SEQUENCE; Schema: public; Owner: werther
--

ALTER TABLE public.tb_order ALTER COLUMN id ADD GENERATED BY DEFAULT AS IDENTITY (
    SEQUENCE NAME public.tb_order_id_seq
    START WITH 1
    INCREMENT BY 1
    NO MINVALUE
    NO MAXVALUE
    CACHE 1
);


--
-- Name: tb_order_item; Type: TABLE; Schema: public; Owner: werther
--

CREATE TABLE public.tb_order_item (
    price double precision,
    quantity integer,
    order_id bigint NOT NULL,
    product_id bigint NOT NULL
);


ALTER TABLE public.tb_order_item OWNER TO werther;

--
-- Name: tb_payment; Type: TABLE; Schema: public; Owner: werther
--

CREATE TABLE public.tb_payment (
    moment timestamp(6) with time zone,
    order_id bigint NOT NULL
);


ALTER TABLE public.tb_payment OWNER TO werther;

--
-- Name: tb_product; Type: TABLE; Schema: public; Owner: werther
--

CREATE TABLE public.tb_product (
    price double precision,
    id bigint NOT NULL,
    description character varying(255),
    img_url character varying(255),
    name character varying(255)
);


ALTER TABLE public.tb_product OWNER TO werther;

--
-- Name: tb_product_category; Type: TABLE; Schema: public; Owner: werther
--

CREATE TABLE public.tb_product_category (
    category_id bigint NOT NULL,
    product_id bigint NOT NULL
);


ALTER TABLE public.tb_product_category OWNER TO werther;

--
-- Name: tb_product_id_seq; Type: SEQUENCE; Schema: public; Owner: werther
--

ALTER TABLE public.tb_product ALTER COLUMN id ADD GENERATED BY DEFAULT AS IDENTITY (
    SEQUENCE NAME public.tb_product_id_seq
    START WITH 1
    INCREMENT BY 1
    NO MINVALUE
    NO MAXVALUE
    CACHE 1
);


--
-- Name: tb_user; Type: TABLE; Schema: public; Owner: werther
--

CREATE TABLE public.tb_user (
    id bigint NOT NULL,
    email character varying(255),
    name character varying(255),
    password character varying(255),
    phone character varying(255)
);


ALTER TABLE public.tb_user OWNER TO werther;

--
-- Name: tb_user_id_seq; Type: SEQUENCE; Schema: public; Owner: werther
--

ALTER TABLE public.tb_user ALTER COLUMN id ADD GENERATED BY DEFAULT AS IDENTITY (
    SEQUENCE NAME public.tb_user_id_seq
    START WITH 1
    INCREMENT BY 1
    NO MINVALUE
    NO MAXVALUE
    CACHE 1
);


--
-- Data for Name: tb_category; Type: TABLE DATA; Schema: public; Owner: werther
--

COPY public.tb_category (id, name) FROM stdin;
1	Eletronics
2	Books
3	Computers
\.


--
-- Data for Name: tb_order; Type: TABLE DATA; Schema: public; Owner: werther
--

COPY public.tb_order (order_status, client_id, id, moment) FROM stdin;
2	1	1	2019-06-20 19:53:07+00
1	2	2	2019-07-21 03:42:10+00
1	1	3	2019-07-22 15:21:22+00
\.


--
-- Data for Name: tb_order_item; Type: TABLE DATA; Schema: public; Owner: werther
--

COPY public.tb_order_item (price, quantity, order_id, product_id) FROM stdin;
90.5	2	1	1
1250	1	1	3
1250	2	2	3
100.99	2	3	5
\.


--
-- Data for Name: tb_payment; Type: TABLE DATA; Schema: public; Owner: werther
--

COPY public.tb_payment (moment, order_id) FROM stdin;
2019-06-20 21:53:07+00	1
\.


--
-- Data for Name: tb_product; Type: TABLE DATA; Schema: public; Owner: werther
--

COPY public.tb_product (price, id, description, img_url, name) FROM stdin;
90.5	1	Lorem ipsum dolor sit amet, consectetur.		The Lord of the Rings
2190	2	Nulla eu imperdiet purus. Maecenas ante.		Smart TV
1250	3	Nam eleifend maximus tortor, at mollis.		Macbook Pro
1200	4	Donec aliquet odio ac rhoncus cursus.		PC Gamer
100.99	5	Cras fringilla convallis sem vel faucibus.		Rails for Dummies
\.


--
-- Data for Name: tb_product_category; Type: TABLE DATA; Schema: public; Owner: werther
--

COPY public.tb_product_category (category_id, product_id) FROM stdin;
2	1
1	2
3	2
3	3
3	4
2	5
\.


--
-- Data for Name: tb_user; Type: TABLE DATA; Schema: public; Owner: werther
--

COPY public.tb_user (id, email, name, password, phone) FROM stdin;
1	maria@gmail.com	Maria Brown	123456	988888888
2	alex@gmail.com	Alex Green	123456	977777777
\.


--
-- Name: tb_category_id_seq; Type: SEQUENCE SET; Schema: public; Owner: werther
--

SELECT pg_catalog.setval('public.tb_category_id_seq', 3, true);


--
-- Name: tb_order_id_seq; Type: SEQUENCE SET; Schema: public; Owner: werther
--

SELECT pg_catalog.setval('public.tb_order_id_seq', 3, true);


--
-- Name: tb_product_id_seq; Type: SEQUENCE SET; Schema: public; Owner: werther
--

SELECT pg_catalog.setval('public.tb_product_id_seq', 5, true);


--
-- Name: tb_user_id_seq; Type: SEQUENCE SET; Schema: public; Owner: werther
--

SELECT pg_catalog.setval('public.tb_user_id_seq', 2, true);


--
-- Name: tb_category tb_category_pkey; Type: CONSTRAINT; Schema: public; Owner: werther
--

ALTER TABLE ONLY public.tb_category
    ADD CONSTRAINT tb_category_pkey PRIMARY KEY (id);


--
-- Name: tb_order_item tb_order_item_pkey; Type: CONSTRAINT; Schema: public; Owner: werther
--

ALTER TABLE ONLY public.tb_order_item
    ADD CONSTRAINT tb_order_item_pkey PRIMARY KEY (order_id, product_id);


--
-- Name: tb_order tb_order_pkey; Type: CONSTRAINT; Schema: public; Owner: werther
--

ALTER TABLE ONLY public.tb_order
    ADD CONSTRAINT tb_order_pkey PRIMARY KEY (id);


--
-- Name: tb_payment tb_payment_pkey; Type: CONSTRAINT; Schema: public; Owner: werther
--

ALTER TABLE ONLY public.tb_payment
    ADD CONSTRAINT tb_payment_pkey PRIMARY KEY (order_id);


--
-- Name: tb_product_category tb_product_category_pkey; Type: CONSTRAINT; Schema: public; Owner: werther
--

ALTER TABLE ONLY public.tb_product_category
    ADD CONSTRAINT tb_product_category_pkey PRIMARY KEY (category_id, product_id);


--
-- Name: tb_product tb_product_pkey; Type: CONSTRAINT; Schema: public; Owner: werther
--

ALTER TABLE ONLY public.tb_product
    ADD CONSTRAINT tb_product_pkey PRIMARY KEY (id);


--
-- Name: tb_user tb_user_pkey; Type: CONSTRAINT; Schema: public; Owner: werther
--

ALTER TABLE ONLY public.tb_user
    ADD CONSTRAINT tb_user_pkey PRIMARY KEY (id);


--
-- Name: tb_order_item fk4h5xid5qehset7qwe5l9c997x; Type: FK CONSTRAINT; Schema: public; Owner: werther
--

ALTER TABLE ONLY public.tb_order_item
    ADD CONSTRAINT fk4h5xid5qehset7qwe5l9c997x FOREIGN KEY (product_id) REFERENCES public.tb_product(id);


--
-- Name: tb_product_category fk5r4sbavb4nkd9xpl0f095qs2a; Type: FK CONSTRAINT; Schema: public; Owner: werther
--

ALTER TABLE ONLY public.tb_product_category
    ADD CONSTRAINT fk5r4sbavb4nkd9xpl0f095qs2a FOREIGN KEY (category_id) REFERENCES public.tb_category(id);


--
-- Name: tb_product_category fkgbof0jclmaf8wn2alsoexxq3u; Type: FK CONSTRAINT; Schema: public; Owner: werther
--

ALTER TABLE ONLY public.tb_product_category
    ADD CONSTRAINT fkgbof0jclmaf8wn2alsoexxq3u FOREIGN KEY (product_id) REFERENCES public.tb_product(id);


--
-- Name: tb_order_item fkgeobgl2xu916he8vhljktwxnx; Type: FK CONSTRAINT; Schema: public; Owner: werther
--

ALTER TABLE ONLY public.tb_order_item
    ADD CONSTRAINT fkgeobgl2xu916he8vhljktwxnx FOREIGN KEY (order_id) REFERENCES public.tb_order(id);


--
-- Name: tb_order fki0x0rv7d65vsceuy33km9567n; Type: FK CONSTRAINT; Schema: public; Owner: werther
--

ALTER TABLE ONLY public.tb_order
    ADD CONSTRAINT fki0x0rv7d65vsceuy33km9567n FOREIGN KEY (client_id) REFERENCES public.tb_user(id);


--
-- Name: tb_payment fkokaf4il2cwit4h780c25dv04r; Type: FK CONSTRAINT; Schema: public; Owner: werther
--

ALTER TABLE ONLY public.tb_payment
    ADD CONSTRAINT fkokaf4il2cwit4h780c25dv04r FOREIGN KEY (order_id) REFERENCES public.tb_order(id);


--
-- PostgreSQL database dump complete
--

\unrestrict PcFly2agMXP3ejJQSeGcrXFq4fFEpun8hfZxQsEKKVaN1laW7y8RWhsOEjWyOvd

